{"name":"main","elements":[{"modelName":"bkr_prop_biker_gcase_s","type":"object","position":{"x":-559.9050903320312,"y":-18.75447654724121,"z":51.62665939331055},"rotation":{"x":0,"y":0,"z":0}}]}