{"name":"main","elements":[{"modelName":"ex_p_mp_door_apart_door_black","type":"object","position":{"x":-823.54541015625,"y":-104.59757995605469,"z":37.87359619140625},"rotation":{"x":-2.0000014305114746,"y":1.600000023841858,"z":-3.1999995708465576}}]}