{"name":"main","elements":[{"modelName":"ex_office_swag_electronic3","type":"object","position":{"x":44.60438919067383,"y":-1191.6756591796875,"z":36.32012939453125},"rotation":{"x":0,"y":0,"z":-57.2000732421875}}]}