{"name":"main","elements":[{"modelName":"db_apart_07_","type":"object","position":{"x":-476.75457763671875,"y":6060.94921875,"z":29.50853729248047},"rotation":{"x":0,"y":0,"z":0}}]}